-- phpMyAdmin SQL Dump
-- version 4.6.2
-- https://www.phpmyadmin.net/
--
-- Host: localhost
-- Generation Time: Oct 24, 2019 at 03:50 PM
-- Server version: 5.7.13-log
-- PHP Version: 5.6.22

SET SQL_MODE = "NO_AUTO_VALUE_ON_ZERO";
SET time_zone = "+00:00";


/*!40101 SET @OLD_CHARACTER_SET_CLIENT=@@CHARACTER_SET_CLIENT */;
/*!40101 SET @OLD_CHARACTER_SET_RESULTS=@@CHARACTER_SET_RESULTS */;
/*!40101 SET @OLD_COLLATION_CONNECTION=@@COLLATION_CONNECTION */;
/*!40101 SET NAMES utf8mb4 */;

--
-- Database: `rotanadb`
--

-- --------------------------------------------------------

--
-- Table structure for table `cus_order`
--

CREATE TABLE `cus_order` (
  `oid` int(11) NOT NULL,
  `oname` varchar(100) NOT NULL,
  `oitem` varchar(20) NOT NULL,
  `optype` varchar(20) NOT NULL,
  `omethod` varchar(30) DEFAULT NULL,
  `oqty` int(11) NOT NULL,
  `oprice` int(30) DEFAULT NULL,
  `odate` date DEFAULT NULL,
  `sno` int(15) NOT NULL
) ENGINE=MyISAM DEFAULT CHARSET=utf8;

--
-- Dumping data for table `cus_order`
--

INSERT INTO `cus_order` (`oid`, `oname`, `oitem`, `optype`, `omethod`, `oqty`, `oprice`, `odate`, `sno`) VALUES
(49, 'Ø¹Ù…Ø¯Ø© Ø³Ù„ÙŠÙ…Ø§Ù†', '50Ùƒ', 'Ù…Ø¯Ø¹ÙˆÙ…', 'ÙƒØ§Ø´', 20, 17000, '2019-06-26', 49),
(73, 'Ø·ÙŠÙÙˆØ±', '50Ùƒ', 'Ù…Ø¯Ø¹ÙˆÙ…', 'ÙƒØ§Ø´', 2, 1700, '2019-06-28', 49),
(51, 'Ø¹Ù…Ø± ØªØ³Ø§Ø¨ÙŠØ­', '50ÙƒØª', 'ØªØ¬Ø§Ø±ÙŠ', 'ÙƒØ§Ø´', 10, 15000, '2019-06-26', 53),
(121, 'Ø¹Ù…Ø¯Ø© Ø³Ù„ÙŠÙ…Ø§Ù†', '50Ùƒ', 'Ù…Ø¯Ø¹ÙˆÙ…', 'ÙƒØ§Ø´', 2, 1700, '2019-08-31', 49),
(61, 'Ø§Ù„Ù‡Ø§Ø¯ÙŠ', '50Ùƒ', 'Ù…Ø¯Ø¹ÙˆÙ…', 'ÙƒØ§Ø´', 45, 38250, '2019-06-26', 49),
(62, 'Ø§Ù„Ù‡Ø§Ø¯ÙŠ', '50Ùƒ', 'Ù…Ø¯Ø¹ÙˆÙ…', 'ÙƒØ§Ø´', 40, 34000, '2019-06-28', 49),
(68, 'Ø§Ù„Ù‡Ø§Ø¯ÙŠ', '50Ùƒ', 'Ù…Ø¯Ø¹ÙˆÙ…', 'ÙƒØ§Ø´', 55, 46750, '2019-06-28', 49),
(69, 'Ø¨ÙˆÙŠ', '50Ùƒ', 'Ù…Ø¯Ø¹ÙˆÙ…', 'ÙƒØ§Ø´', 112, 95200, '2019-06-28', 49),
(70, 'Ø¹Ù…Ø¯Ø© Ø³Ù„ÙŠÙ…Ø§Ù†', '50Ùƒ', 'Ù…Ø¯Ø¹ÙˆÙ…', 'ÙƒØ§Ø´', 300, 255000, '2019-06-28', 49),
(71, 'Ø¹Ù…Ø± ØªØ³Ø§Ø¨ÙŠØ­', '50Ùƒ', 'Ù…Ø¯Ø¹ÙˆÙ…', 'ÙƒØ§Ø´', 93, 79050, '2019-06-28', 49),
(114, 'Ø¹Ù…Ø±', '50Ùƒ', 'Ù…Ø¯Ø¹ÙˆÙ…', 'ÙƒØ§Ø´', 10, 8500, '2019-08-30', 49),
(115, 'fff', '50Ùƒ', 'Ù…Ø¯Ø¹ÙˆÙ…', 'ÙƒØ§Ø´', 1, 850, '2019-08-31', 49),
(116, 'Ù…Ø­Ù…Ø¯ Ø¹Ø¨Ø¯Ø§Ù„Ù„Ù‡', 'Ø¨ÙƒØª10Ùƒ', 'ØªØ¬Ø§Ø±ÙŠ', 'ÙƒØ§Ø´', 100, 40000, '2019-08-31', 59),
(117, 'Ø«', '50Ùƒ', 'Ù…Ø¯Ø¹ÙˆÙ…', 'ÙƒØ§Ø´', 1, 850, '2019-08-31', 49),
(118, 'Ø§Ø­Ù…Ø¯ Ù…Ø­Ù…Ø¯ Ø§Ø¨ÙƒØ±', '50Ùƒ', 'Ù…Ø¯Ø¹ÙˆÙ…', 'ÙƒØ§Ø´', 2, 1700, '2019-08-31', 49),
(119, 'Ø¹Ù…Ø¯Ø© Ø³Ù„ÙŠÙ…Ø§Ù†', '50Ùƒ', 'Ù…Ø¯Ø¹ÙˆÙ…', 'ÙƒØ§Ø´', 2, 1700, '2019-08-31', 49),
(120, 'Ø¹Ù…Ø¯Ø© Ø³Ù„ÙŠÙ…Ø§Ù†', '50Ùƒ', 'Ù…Ø¯Ø¹ÙˆÙ…', 'ÙƒØ§Ø´', 2, 1700, '2019-08-31', 49),
(88, 'Ù…Ø­Ù…Ø¯ Ø¨ÙˆÙŠ', 'Ø¨ÙƒØª10Ùƒ', 'ØªØ¬Ø§Ø±ÙŠ', 'ÙƒØ§Ø´', 30, 12000, '2019-07-04', 50),
(89, 'Ø§Ø¯Ù…  Ø§Ø¨Ùˆ Ø¹Ù…Ø±', '50Ùƒ', 'Ù…Ø¯Ø¹ÙˆÙ…', 'ÙƒØ§Ø´', 10, 8500, '2019-07-09', 49),
(91, 'ÙƒÙ…Ø§Ù„', '50Ùƒ', 'Ù…Ø¯Ø¹ÙˆÙ…', 'ÙƒØ§Ø´', 2, 1700, '2019-07-09', 49),
(92, 'Ø§Ù„Ù‡Ø§Ø¯ÙŠ Ø¹Ù…Ø±', '50Ùƒ', 'Ù…Ø¯Ø¹ÙˆÙ…', 'ÙƒØ§Ø´', 3, 7650, '2019-07-09', 49),
(122, 'Ø¹Ù…Ø¯Ø© Ø³Ù„ÙŠÙ…Ø§Ù†', '50Ùƒ', 'Ù…Ø¯Ø¹ÙˆÙ…', 'ÙƒØ§Ø´', 2, 1700, '2019-08-31', 49),
(99, 'Ø§Ø­Ù…Ø¯ Ù…Ø­Ù…Ø¯', 'Ø¨ÙƒØª10Ùƒ', 'ØªØ¬Ø§Ø±ÙŠ', 'ÙƒØ§Ø´', 50, 20000, '2019-07-13', 59),
(100, 'Ø¨Ø§Ø±Ù‚ÙŠ', 'Ø¨ÙƒØª10Ùƒ', 'ØªØ¬Ø§Ø±ÙŠ', 'ÙƒØ§Ø´', 10, 4000, '2019-07-13', 59),
(101, 'ahmed ali', '50Ùƒ', 'Ù…Ø¯Ø¹ÙˆÙ…', 'ÙƒØ§Ø´', 1, 850, '2019-07-30', 49),
(102, 'Ø§Ø­Ù…Ø¯ Ø¹Ù„ÙŠ  Ø¹Ø¨Ø¯Ø§Ù„ÙƒØ±ÙŠÙ… Ø¹Ø¨Ø¯Ø§Ù„Ù„Ù‡', '25Ùƒ', 'ØªØ¬Ø§Ø±ÙŠ', 'ÙƒØ§Ø´', 6, 4920, '2019-07-31', 49),
(123, 'Ø¹Ø¨Ø¯Ø§Ù„Ù„Ù‡  Ø³Ù…Ø¨Ùˆ', '50Ùƒ', 'Ù…Ø¯Ø¹ÙˆÙ…', 'ÙƒØ§Ø´', 2, 1700, '2019-08-31', 49),
(124, 'Ø·ÙŠÙÙˆØ±', '50Ùƒ', 'Ù…Ø¯Ø¹ÙˆÙ…', 'ÙƒØ§Ø´', 1, 850, '2019-08-31', 49),
(125, 'Ø·ÙŠÙÙˆØ±', '50Ùƒ', 'Ù…Ø¯Ø¹ÙˆÙ…', 'ÙƒØ§Ø´', 1, 850, '2019-09-01', 49),
(126, 'Ø·ÙŠÙÙˆØ±', '50Ùƒ', 'Ù…Ø¯Ø¹ÙˆÙ…', 'ÙƒØ§Ø´', 1, 850, '2019-09-01', 49),
(127, 'Ø·ÙŠÙÙˆØ±', '50Ùƒ', 'Ù…Ø¯Ø¹ÙˆÙ…', 'ÙƒØ§Ø´', 1, 850, '2019-09-01', 49),
(128, 'Ø·ÙŠÙÙˆØ±', '50Ùƒ', 'Ù…Ø¯Ø¹ÙˆÙ…', 'ÙƒØ§Ø´', 1, 850, '2019-09-01', 49),
(129, 'Ø·ÙŠÙÙˆØ±', '50Ùƒ', 'Ù…Ø¯Ø¹ÙˆÙ…', 'ÙƒØ§Ø´', 1, 850, '2019-09-01', 49),
(130, 'Ø·ÙŠÙÙˆØ±', '50Ùƒ', 'Ù…Ø¯Ø¹ÙˆÙ…', 'ÙƒØ§Ø´', 1, 850, '2019-09-01', 49),
(131, 'Ø¹Ø¨Ø¯Ø§Ù„Ù„Ù‡  Ø³Ù…Ø¨Ùˆ', '50Ùƒ', 'Ù…Ø¯Ø¹ÙˆÙ…', 'ÙƒØ§Ø´', 2, 1700, '2019-09-01', 49),
(162, 'Ø§Ø­Ù…Ø¯', '50Ùƒ', 'Ù…Ø¯Ø¹ÙˆÙ…', '3ÙƒØ§Ø´', 20, 17000, '2019-09-11', 49),
(163, 'ÙŠØ§Ø³Ø±', 'Ø¨ÙƒØª10Ùƒ', 'ØªØ¬Ø§Ø±ÙŠ', 'Ø´ÙŠÙƒ', 10, 4000, '2019-09-12', 59),
(164, 'Ø§Ù„ØµØ§Ø¯Ù‚ Ø¹Ø¨Ø¯Ø§Ù„ÙƒØ±ÙŠÙ…', '50Ùƒ', 'Ù…Ø¯Ø¹ÙˆÙ…', 'Ø´ÙŠÙƒ', 60, 51000, '2019-09-12', 49),
(165, 'Ø¬Ù„Ø§Ù„', 'Ø¨ÙƒØª10Ùƒ', 'ØªØ¬Ø§Ø±ÙŠ', 'Ø´ÙŠÙƒ', 100, 40000, '2019-09-12', 59),
(166, 'Ø¨ÙŠØ±Ùƒ', '50Ùƒ', 'Ù…Ø¯Ø¹ÙˆÙ…', '3ÙƒØ§Ø´', 9, 7650, '2019-09-16', 49),
(167, 'Rabaa', 'Ø¨ÙƒØª10Ùƒ', 'ØªØ¬Ø§Ø±ÙŠ', '3ÙƒØ§Ø´', 70, 28000, '2019-09-16', 59),
(168, 'ahmed', '50Ùƒ', 'Ù…Ø¯Ø¹ÙˆÙ…', '3ÙƒØ§Ø´', 10, 8500, '2019-09-16', 49),
(169, 'ÙŠØ¹Ù‚ÙˆØ¨ Ø§Ø¨ÙƒØ±', '50Ùƒ', 'Ù…Ø¯Ø¹ÙˆÙ…', '3ÙƒØ§Ø´', 10, 8500, '2019-09-17', 49),
(171, 'Ø­Ø§ÙØ¸ Ø¨Ø´Ø§Ø±Ø© Ù…Ø­Ù…Ø¯ Ù‚Ø§Ø¯Ù…', 'Ø¨ÙƒØª10Ùƒ', 'ØªØ¬Ø§Ø±ÙŠ', '3ÙƒØ§Ø´', 10, 4000, '2019-09-18', 59),
(172, 'Asim', '50Ùƒ', 'Ù…Ø¯Ø¹ÙˆÙ…', 'ÙƒØ§Ø´', 20, 17000, '2019-09-26', 49),
(173, 'بيرك', 'بكت10ك', 'تجاري', 'كاش', 20, 8000, '2019-10-24', 59);

-- --------------------------------------------------------

--
-- Table structure for table `emp`
--

CREATE TABLE `emp` (
  `eid` int(10) NOT NULL,
  `ename` varchar(50) DEFAULT NULL,
  `ephone` varchar(15) DEFAULT NULL,
  `ejob` varchar(50) DEFAULT NULL,
  `esal` int(20) DEFAULT NULL,
  `ehdate` date DEFAULT NULL
) ENGINE=MyISAM DEFAULT CHARSET=utf8;

--
-- Dumping data for table `emp`
--

INSERT INTO `emp` (`eid`, `ename`, `ephone`, `ejob`, `esal`, `ehdate`) VALUES
(1, '        Ø§Ù„ÙŠØ§Ø³       ', '        0126   ', '       Ù…Ø¯Ø®Ù„  Ø§Ù„Ø¨ÙŠØ§Ù†Ø§Øª   ', 6000, '2019-05-01'),
(2, ' Ù…Ø­ÙŠ Ø§Ù„Ø¯ÙŠÙ†', ' 09121', ' Ø³Ø§Ø¦Ù‚', 6000, '0000-00-00'),
(3, '  Ø¬Ù„Ø§Ù„ Ø§Ù„Ø¯ÙŠÙ† ', '  23434  ', '  Ù…Ø¯ÙŠØ± ', 12000, '2019-07-02'),
(6, ' ahmed mohamed abbaker ', ' 091245454545 ', ' it ', 8000, '2019-07-01'),
(5, '  Ù…Ø­Ù…Ø¯ ÙƒÙ…Ø§Ù„ ', '  09145 ', '  Ù…Ø®Ø²Ù† ', 5000, '2019-07-01'),
(8, 'Ø¹Ø¨Ø¯Ø§Ù„Ø¹Ø¸ÙŠÙ…', '091111', 'Ù…Ø¯ÙŠØ±', 10000, '2019-07-01'),
(9, 'mmm', '0000', 'it', 12000, '0000-00-00'),
(10, 'Ù…Ø­Ù…Ø¯ Ø¹Ù„ÙŠ', '0000', 'it', 12000, '2019-09-14');

-- --------------------------------------------------------

--
-- Table structure for table `history`
--

CREATE TABLE `history` (
  `hid` int(11) NOT NULL,
  `hpro` varchar(50) NOT NULL,
  `hcurqty` int(11) NOT NULL,
  `hadd` int(11) NOT NULL,
  `hsub` int(11) NOT NULL,
  `hnew` int(11) NOT NULL,
  `hdate` datetime NOT NULL
) ENGINE=MyISAM DEFAULT CHARSET=utf8;

--
-- Dumping data for table `history`
--

INSERT INTO `history` (`hid`, `hpro`, `hcurqty`, `hadd`, `hsub`, `hnew`, `hdate`) VALUES
(2, '50k', 215, 0, 5, 0, '2019-06-18 00:00:00'),
(3, '50k', 210, 0, 5, 0, '2019-06-18 00:00:00'),
(4, '50k', 205, 100, 0, 305, '2019-06-18 00:00:00'),
(5, '50k', 205, 5, 0, 210, '2019-06-18 00:00:00'),
(6, '50k', 200, 10, 0, 210, '2019-06-18 00:00:00'),
(7, '50k', 210, 0, 5, 205, '2019-06-18 00:00:00'),
(8, '50k', 205, 50, 0, 255, '2019-06-18 00:00:00'),
(9, '50k', 255, 100, 0, 355, '2019-06-18 02:34:03'),
(10, '50ÙƒÙŠÙ„Ùˆ', 355, 1200, 0, 1555, '2019-06-18 02:36:30'),
(11, 'Ø¨ÙƒØª 10 ÙƒÙŠÙ„Ùˆ', 1300, 1000, 0, 2300, '2019-06-19 08:53:39'),
(12, 'Ø¨ÙƒØª 10 ÙƒÙŠÙ„Ùˆ', 2300, 0, 500, 1800, '2019-06-19 08:53:49'),
(13, '20Ùƒ', 1800, 200, 0, 2000, '2019-06-26 02:52:31'),
(14, '20Ùƒ', 2000, 0, 100, 1900, '2019-06-26 02:53:27'),
(15, '20Ùƒ', 1900, 0, 100, 1800, '2019-06-26 02:56:38'),
(16, '20Ùƒ', 1700, 1200, 0, 2900, '2019-06-29 11:01:00'),
(17, '20Ùƒ', 1700, 10, 0, 1710, '2019-07-01 02:40:36'),
(18, '20Ùƒ', 1748, 10, 0, 1758, '2019-07-09 11:56:39'),
(19, '20Ùƒ', 1746, 4, 0, 1750, '2019-07-09 04:06:58'),
(20, '20Ùƒ', 1750, 2, 0, 1752, '2019-07-09 04:07:36'),
(21, '50Ùƒ', 1197, 3, 0, 1200, '2019-07-09 04:41:22'),
(22, 'Ø¨ÙƒØª10Ùƒ', 2000, 1200, 0, 3200, '2019-07-10 07:17:20'),
(23, 'Ø¨ÙƒØª10Ùƒ', 3200, 0, 200, 3000, '2019-07-10 07:18:43'),
(24, '20Ùƒ', 1740, 1000, 0, 2740, '2019-07-13 01:20:58'),
(25, '50Ùƒ', 1200, 1000, 0, 2200, '2019-07-13 06:03:21'),
(26, 'Ø¨ÙƒØª10Ùƒ', 2950, 1000, 0, 3950, '2019-07-13 06:04:27'),
(27, '25Ùƒ', 1200, 800, 0, 2000, '2019-07-27 04:44:51'),
(28, '25Ùƒ', 2000, 1000, 0, 3000, '2019-07-31 09:04:25'),
(29, '25Ùƒ', 3000, 0, 500, 2500, '2019-07-31 09:04:33'),
(30, '25Ùƒ', 2500, 0, 0, 2500, '2019-07-31 09:04:58'),
(31, '25Ùƒ', 2500, 0, 0, 2500, '2019-07-31 09:04:59'),
(32, '25Ùƒ', 2500, 0, 0, 2500, '2019-07-31 09:06:46'),
(33, '25Ùƒ', 2500, 0, 0, 2500, '2019-07-31 09:23:23'),
(34, '25Ùƒ', 2500, 0, 0, 2500, '2019-07-31 09:24:05'),
(35, '25Ùƒ', 2500, 0, 0, 2500, '2019-07-31 09:24:30'),
(36, '25Ùƒ', 2500, 0, 0, 2500, '2019-07-31 09:25:02'),
(37, '25Ùƒ', 2500, 0, 0, 2500, '2019-07-31 09:25:21'),
(38, '25Ùƒ', 2500, 0, 0, 2500, '2019-07-31 09:26:03'),
(39, '25Ùƒ', 2500, 0, 0, 2500, '2019-07-31 09:26:20'),
(40, '25Ùƒ', 2500, 0, 0, 2500, '2019-07-31 09:26:25'),
(41, '25Ùƒ', 2500, 0, 0, 2500, '2019-07-31 09:26:41'),
(42, '50Ùƒ', 2516, 1000, 0, 3516, '2019-07-31 09:31:01'),
(43, '50ÙƒØª', 3000, 2000, 0, 5000, '2019-08-03 06:07:26'),
(44, '5 Ùƒ', 0, 1000, 0, 1000, '2019-09-10 06:31:45'),
(45, 'yyy', 0, 3000, 0, 3000, '2019-09-10 09:25:14'),
(46, '10Ùƒ', 0, 1000, 0, 1000, '2019-09-12 05:21:55'),
(47, '50Ùƒ', 3409, 100, 0, 3509, '2019-09-14 04:32:27'),
(48, '50Ùƒ', 3480, 345, 0, 3825, '2019-09-24 12:49:53'),
(49, '50ÙƒØª', 5000, 15000, 0, 20000, '2019-09-24 01:11:29'),
(50, 'Ø¨ÙƒØª10Ùƒ', 3730, 0, 6000, -2270, '2019-09-24 01:12:03'),
(51, '25Ùƒ', 2494, 2000, 0, 4494, '2019-09-24 01:12:42'),
(52, '50Ùƒ', 3805, 1200, 0, 5005, '2019-10-03 08:07:30'),
(53, '25Ùƒ', 4494, 0, 0, 4494, '2019-10-03 09:45:40');

-- --------------------------------------------------------

--
-- Table structure for table `imp_test`
--

CREATE TABLE `imp_test` (
  `did` int(20) NOT NULL,
  `dname` varchar(100) DEFAULT NULL,
  `dphone` varchar(15) DEFAULT NULL,
  `pname` varchar(20) DEFAULT NULL,
  `ptype` varchar(10) DEFAULT NULL,
  `pqty` int(20) NOT NULL DEFAULT '0'
) ENGINE=MyISAM DEFAULT CHARSET=utf8;

--
-- Dumping data for table `imp_test`
--

INSERT INTO `imp_test` (`did`, `dname`, `dphone`, `pname`, `ptype`, `pqty`) VALUES
(11, 'aaaa', '', '20Ùƒ', 'Ù…Ø¯Ø¹ÙˆÙ…', 0),
(12, 'wwqr', '', '20Ùƒ', 'Ù…Ø¯Ø¹ÙˆÙ…', 3),
(13, 'awqr', '', '20Ùƒ', 'Ù…Ø¯Ø¹ÙˆÙ…', 434);

-- --------------------------------------------------------

--
-- Table structure for table `login`
--

CREATE TABLE `login` (
  `uid` int(10) NOT NULL,
  `ufname` varchar(50) DEFAULT NULL,
  `uphone` varchar(20) DEFAULT NULL,
  `uname` varchar(20) DEFAULT NULL,
  `upass` varchar(30) DEFAULT NULL,
  `uper` int(1) NOT NULL,
  `ustatus` int(2) NOT NULL
) ENGINE=MyISAM DEFAULT CHARSET=utf8;

--
-- Dumping data for table `login`
--

INSERT INTO `login` (`uid`, `ufname`, `uphone`, `uname`, `upass`, `uper`, `ustatus`) VALUES
(4, 'ahmed mohamed abbaker', '0914584929', 'amas', 'abc', 1, 1),
(6, 'omer mohamed', '23423', 'omer', '111', 2, 1),
(16, 'omer mohamed', '23423', 'omr', '123', 2, 0),
(17, 'mubrak', '0000', 'mo', '12345', 2, 0),
(18, 'ÙŠØ§Ø³Ø±', '11111', 'yaser', 'y123', 2, 0),
(19, 'Ø§Ù„ØµØ§Ø¯Ù‚ ØºØ¨Ø¯Ø§Ù„ÙƒØ±ÙŠÙ…', '1111', 'sadig', '2727', 2, 1),
(20, 'Ø¬Ù„Ø§Ù„', '09123', 'jal', '12345', 2, 0),
(21, 'Ù…Ø­Ù…Ø¯ Ø¹Ù„ÙŠ', '11111', 'moh', '123', 2, 0),
(22, 'Ø¨ÙŠØ±Ùƒ', '11111', 'birk', 'b123', 2, 1),
(23, 'Ø§Ù„ÙŠØ§Ø³ Ø§Ù„Ø²ÙŠÙ†', '0000', 'eias', 'e123', 1, 1),
(24, 'Ø­Ø³Ø¨Ùˆ Ø¹Ø¨Ø¯Ø§Ù„Ù„Ù‡', '091', 'has', 'h123', 2, 1),
(25, 'Ø³Ø§Ø±Ø© ÙƒÙ…Ø§Ù„', '0000', 'sara', '5683', 1, 1);

-- --------------------------------------------------------

--
-- Table structure for table `salaries`
--

CREATE TABLE `salaries` (
  `sid` int(20) NOT NULL,
  `eid` int(20) NOT NULL,
  `ssal` int(50) NOT NULL,
  `smonth` int(2) NOT NULL,
  `sdate` date NOT NULL
) ENGINE=MyISAM DEFAULT CHARSET=utf8;

--
-- Dumping data for table `salaries`
--

INSERT INTO `salaries` (`sid`, `eid`, `ssal`, `smonth`, `sdate`) VALUES
(10, 3, 12000, 11, '2019-07-16'),
(12, 1, 6000, 5, '2019-07-08'),
(13, 5, 5000, 8, '2019-07-31'),
(2, 4, 0, 8, '2019-07-31'),
(14, 8, 10000, 7, '2019-08-03'),
(15, 9, 12000, 9, '2019-09-10'),
(16, 10, 12000, 9, '2019-09-14'),
(17, 8, 10000, 9, '2019-09-07');

-- --------------------------------------------------------

--
-- Table structure for table `store`
--

CREATE TABLE `store` (
  `sno` int(10) NOT NULL,
  `sname` varchar(50) DEFAULT NULL,
  `stype` varchar(10) DEFAULT NULL,
  `sqty` int(10) DEFAULT '0',
  `sprice` int(10) DEFAULT '0',
  `sval` int(10) DEFAULT '0',
  `slval` int(10) DEFAULT '0',
  `sdate` date DEFAULT NULL
) ENGINE=MyISAM DEFAULT CHARSET=utf8;

--
-- Dumping data for table `store`
--

INSERT INTO `store` (`sno`, `sname`, `stype`, `sqty`, `sprice`, `sval`, `slval`, `sdate`) VALUES
(62, '25ك', 'تجاري', 2390, 820, 0, 0, '2019-07-31'),
(58, '50كت', 'تجاري', 4900, 1500, 0, 0, '2019-08-03'),
(59, 'بكت10ك', 'تجاري', 3930, 400, 0, 0, '2019-07-13'),
(49, '50ك', 'مدعوم', 40136, 820, 0, 0, '2019-10-03');

-- --------------------------------------------------------

--
-- Table structure for table `store_exp`
--

CREATE TABLE `store_exp` (
  `eid` int(5) NOT NULL,
  `rname` varchar(100) NOT NULL,
  `cno` varchar(50) NOT NULL,
  `dname` varchar(100) NOT NULL,
  `pname` varchar(20) NOT NULL,
  `pqty` int(10) NOT NULL,
  `ptype` varchar(10) NOT NULL,
  `bcost` int(11) NOT NULL,
  `dcost` int(20) NOT NULL,
  `lcost` int(20) NOT NULL,
  `manifist` int(30) NOT NULL,
  `tcost` int(30) NOT NULL,
  `ldate` date NOT NULL,
  `arrive` int(2) NOT NULL,
  `comm` text NOT NULL
) ENGINE=MyISAM DEFAULT CHARSET=utf8;

--
-- Dumping data for table `store_exp`
--

INSERT INTO `store_exp` (`eid`, `rname`, `cno`, `dname`, `pname`, `pqty`, `ptype`, `bcost`, `dcost`, `lcost`, `manifist`, `tcost`, `ldate`, `arrive`, `comm`) VALUES
(33, 'طه', '87 ج د', 'خالد', '50ك', 1200, 'مدعوم', 65000, 30000, 2000, 1000, 98000, '2019-10-10', 0, '');

-- --------------------------------------------------------

--
-- Table structure for table `store_imp`
--

CREATE TABLE `store_imp` (
  `eid` int(30) NOT NULL,
  `sid` int(20) NOT NULL,
  `dname` varchar(100) DEFAULT NULL,
  `lno` varchar(50) NOT NULL,
  `pname` varchar(20) DEFAULT NULL,
  `ptype` varchar(10) DEFAULT NULL,
  `pqty` int(20) DEFAULT NULL,
  `psel` float DEFAULT NULL,
  `pcost` int(20) DEFAULT NULL,
  `borsa` int(15) NOT NULL,
  `pbuy` int(20) DEFAULT NULL,
  `ppro` int(20) DEFAULT NULL,
  `plos` int(20) DEFAULT NULL,
  `ldate1` date DEFAULT NULL,
  `ldate2` date DEFAULT NULL,
  `stored` int(2) NOT NULL
) ENGINE=MyISAM DEFAULT CHARSET=utf8;

--
-- Dumping data for table `store_imp`
--

INSERT INTO `store_imp` (`eid`, `sid`, `dname`, `lno`, `pname`, `ptype`, `pqty`, `psel`, `pcost`, `borsa`, `pbuy`, `ppro`, `plos`, `ldate1`, `ldate2`, `stored`) VALUES
(9, 0, 'wer', '  wer  ', '50Ùƒ', 'Ù…Ø¯Ø¹ÙˆÙ…', 2000, 1640000, 3200, 0, 0, 1636800, 0, '0000-00-00', '2019-10-04', 0),
(10, 0, '  omer', '  WWW  ', '50Ùƒ', 'Ù…Ø¯Ø¹ÙˆÙ…', 100, 82000, 66900, 0, 60000, 0, 44900, '2019-10-02', '2019-10-04', 1),
(11, 0, '      Ø§Ø­Ù…Ø¯  Ù…Ø­Ù…Ø¯   ', '       123 Ø¬ Ø¯       ', '50Ùƒ', 'Ù…Ø¯Ø¹ÙˆÙ…', 1000, 820000, 1201000, 0, 720000, 0, 1101000, '2019-10-02', '2019-10-04', 1),
(12, 0, '    jamal    ', '   12Ø¬ Ø¯', '50Ùƒ', 'Ù…Ø¯Ø¹ÙˆÙ…', 99, 81180, 66200, 0, 60000, 0, 45020, '2019-10-02', '2019-10-04', 1),
(13, 0, 'Ø¨ÙŠØ±Ùƒ  ', '354Ø¬ Ø¯', '50Ùƒ', 'Ù…Ø¯Ø¹ÙˆÙ…', 1200, 984000, 824000, 0, 750000, 0, 590000, '2019-10-04', '2019-10-04', 1),
(8, 0, '     Ø®Ø§Ù„Ø¯  Ø¬Ù…Ø§Ù„  Ø¹Ù…Ø±  ', '    123Ø¬ Ø¯    ', '50Ùƒ', 'Ù…Ø¯Ø¹ÙˆÙ…', 600, 492000, 565000, 0, 500000, 0, 573000, '2019-09-26', '2019-10-04', 0),
(4, 0, 'Ù…Ø­Ù…Ø¯ Ø¹Ù…Ø±', '121', '50Ùƒ', 'Ù…Ø¯Ø¹ÙˆÙ…', 1200, 984000, 0, 0, 0, 984000, 0, '2019-09-24', '2019-10-04', 0),
(3, 0, 'Ù…Ø­Ù…Ø¯ Ø¹Ù…Ø±', '121', '50Ùƒ', 'Ù…Ø¯Ø¹ÙˆÙ…', 1200, 984000, 0, 0, 0, 984000, 0, '2019-09-24', '2019-10-04', 0),
(14, 0, 'Ø§Ø­Ù…Ø¯  Ù…Ø­Ù…Ø¯', '665 Ø¬ Ø¯', '50Ùƒ', 'Ù…Ø¯Ø¹ÙˆÙ…', 1200, 984000, 705700, 0, 650000, 0, 371700, '2019-10-03', '2019-10-04', 1),
(15, 0, 'Ù…Ø­Ù…Ø¯', '12  Ø¬ Ø¯', '50Ùƒ', 'Ù…Ø¯Ø¹ÙˆÙ…', 1200, 984000, 61700, 0, 54000, 868300, 0, '2019-10-02', '2019-10-04', 0),
(16, 0, 'hvhv', 'hvh', '50Ùƒ', 'Ù…Ø¯Ø¹ÙˆÙ…', 66, 54120, 132, 0, 66, 53922, 0, '2019-10-01', '2019-10-04', 0),
(17, 0, 'ftf', 'ftft', '50Ùƒ', 'Ù…Ø¯Ø¹ÙˆÙ…', 88, 72160, 95, 0, 88, 71977, 0, '0000-00-00', '2019-10-04', 0),
(18, 0, 't', 't', '50Ùƒ', 'Ù…Ø¯Ø¹ÙˆÙ…', 400, 328000, 280, 0, 60, 327660, 0, '2019-10-01', '2019-10-05', 0),
(19, 0, 'gg', 'ggg', '50Ùƒ', 'Ù…Ø¯Ø¹ÙˆÙ…', 77, 63140, 105, 0, 77, 62958, 0, '2019-10-16', '2019-10-05', 0),
(21, 0, 'uyu', 'yy', '50Ùƒ', 'Ù…Ø¯Ø¹ÙˆÙ…', 0, 0, 0, 0, 0, 0, 0, '2019-10-02', '2019-10-05', 0),
(20, 0, 'gg', 'gg', '50Ùƒ', 'Ù…Ø¯Ø¹ÙˆÙ…', 7, 5740, 32, 0, 7, 5701, 0, '0000-00-00', '2019-10-05', 0),
(22, 0, 'hhh', '12  Ø¬ Ø¯', '50Ùƒ', 'Ù…Ø¯Ø¹ÙˆÙ…', 1200, 984000, 770000, 0, 720000, 0, 506000, '2019-10-02', '2019-10-05', 0),
(24, 0, '  rr  ', 'rr', '50ك', 'مدعوم', 400, 328000, 0, 0, 0, 328000, 0, '2019-10-21', '2019-10-06', 0),
(23, 0, 'aa', 'ww', '50Ùƒ', 'Ù…Ø¯Ø¹ÙˆÙ…', 400, 328000, 88, 0, 44, 327868, 0, '2019-10-21', '2019-10-06', 0);

--
-- Indexes for dumped tables
--

--
-- Indexes for table `cus_order`
--
ALTER TABLE `cus_order`
  ADD PRIMARY KEY (`oid`);

--
-- Indexes for table `emp`
--
ALTER TABLE `emp`
  ADD PRIMARY KEY (`eid`);

--
-- Indexes for table `history`
--
ALTER TABLE `history`
  ADD PRIMARY KEY (`hid`);

--
-- Indexes for table `imp_test`
--
ALTER TABLE `imp_test`
  ADD PRIMARY KEY (`did`);

--
-- Indexes for table `login`
--
ALTER TABLE `login`
  ADD PRIMARY KEY (`uid`);

--
-- Indexes for table `salaries`
--
ALTER TABLE `salaries`
  ADD PRIMARY KEY (`sid`);

--
-- Indexes for table `store`
--
ALTER TABLE `store`
  ADD PRIMARY KEY (`sno`);

--
-- Indexes for table `store_exp`
--
ALTER TABLE `store_exp`
  ADD PRIMARY KEY (`eid`);

--
-- Indexes for table `store_imp`
--
ALTER TABLE `store_imp`
  ADD KEY `eid` (`eid`);

--
-- AUTO_INCREMENT for dumped tables
--

--
-- AUTO_INCREMENT for table `cus_order`
--
ALTER TABLE `cus_order`
  MODIFY `oid` int(11) NOT NULL AUTO_INCREMENT, AUTO_INCREMENT=174;
--
-- AUTO_INCREMENT for table `emp`
--
ALTER TABLE `emp`
  MODIFY `eid` int(10) NOT NULL AUTO_INCREMENT, AUTO_INCREMENT=11;
--
-- AUTO_INCREMENT for table `history`
--
ALTER TABLE `history`
  MODIFY `hid` int(11) NOT NULL AUTO_INCREMENT, AUTO_INCREMENT=54;
--
-- AUTO_INCREMENT for table `imp_test`
--
ALTER TABLE `imp_test`
  MODIFY `did` int(20) NOT NULL AUTO_INCREMENT, AUTO_INCREMENT=14;
--
-- AUTO_INCREMENT for table `login`
--
ALTER TABLE `login`
  MODIFY `uid` int(10) NOT NULL AUTO_INCREMENT, AUTO_INCREMENT=27;
--
-- AUTO_INCREMENT for table `salaries`
--
ALTER TABLE `salaries`
  MODIFY `sid` int(20) NOT NULL AUTO_INCREMENT, AUTO_INCREMENT=18;
--
-- AUTO_INCREMENT for table `store`
--
ALTER TABLE `store`
  MODIFY `sno` int(10) NOT NULL AUTO_INCREMENT, AUTO_INCREMENT=75;
--
-- AUTO_INCREMENT for table `store_exp`
--
ALTER TABLE `store_exp`
  MODIFY `eid` int(5) NOT NULL AUTO_INCREMENT, AUTO_INCREMENT=40;
/*!40101 SET CHARACTER_SET_CLIENT=@OLD_CHARACTER_SET_CLIENT */;
/*!40101 SET CHARACTER_SET_RESULTS=@OLD_CHARACTER_SET_RESULTS */;
/*!40101 SET COLLATION_CONNECTION=@OLD_COLLATION_CONNECTION */;
